ID	Category	Sub Category	English	Telugu	Hindi
htp-1	Historical temples	Badrinarayana	Badrinarayana Temple is a Hindu temple dedicated to Vishnu ,which is situated in the town of Badrinath in Uttarakhand, India. 	బద్రీనారాయణ ఆలయం విష్ణువుకు అంకితం చేయబడిన హిందూ దేవాలయం, ఇది భారతదేశంలోని ఉత్తరాఖండ్ రాష్ట్రం లోని బద్రీనాథ్ పట్టణంలో ఉంది. 	बद्रीनारायण मंदिर एक हिंदू मंदिर है जो विष्णु को समर्पित है, जो भारत के उत्तराखंड में बद्रीनाथ शहर में स्थित है।
htp-2	Historical temples	Badrinarayana	The temple is also one of the 108 Divya Desams dedicated to Vishnu, who is worshipped as Badrinath—holy shrines for Vaishnavites.	విష్ణువుకు అంకితం చేసిన 108 దివ్య దేశాలలో ఈ ఆలయం కూడా ఒకటి, విష్ణు మూర్తి అక్కడ బద్రినాథుడిగా ఉన్నారు — ఇవి వైష్ణవుల పవిత్ర మందిరాలు	मंदिर विष्णु को समर्पित 108 दिव्य देशमों में से एक है, जिन्हें बद्रीनाथ के रूप में पूजा जाता है - वैष्णवों के लिए पवित्र मंदिर।
htp-3	Historical temples	Badrinarayana	It is open for six months every year, because of extreme weather conditions in the Himalayan region.	హిమాలయ ప్రాంతంలో తీవ్రమైన వాతావరణ పరిస్థితుల కారణంగా ఇది ప్రతి సంవత్సరం ఆరు నెలలు తెరిచి ఉంటుంది. 	यह हिमालयी क्षेत्र में चरम मौसम की स्थिति के कारण हर साल छह महीने के लिए खुला रहता है।
htp-4	Historical temples	Badrinarayana	The temple is located in Garhwal hill tracks in Chamoli district along the banks of Alaknanda River.	ఈ ఆలయం అలకొనంద నది ఒడ్డున చమోలి జిల్లాలోని గర్హ్వాల్ హిల్ ట్రాక్స్ లో ఉంది.	मंदिर अलकनंदा नदी के किनारे चमोली जिले में गढ़वाल पहाड़ी धावन पथ में स्थित है।
htp-5	Historical temples	Badrinarayana	Devotees of all faiths and all schools of thought of Hinduism visit the Badrinath Temple.	అన్ని విశ్వాసాల భక్తులు మరియు హిందూ మతం యొక్క అన్ని ఆలోచనా పాఠశాలలు బద్రీనాథ్ ఆలయాన్ని సందర్శిస్తారు.	सभी धर्मों और हिंदू धर्म के सभी विचारधाराओं के भक्त बद्रीनाथ मंदिर जाते हैं।
htp-6	Historical temples	Badrinarayana	Mata Murti Ka Mela, which commemorates the descent of river Ganges on mother earth, is the most prominent festival celebrated in the Badrinath Temple.	మాతృ భూమిపై గంగా నది సంతతికి గుర్తుగా ఉన్న మాతా మూర్తి కా మేళ బద్రీనాథ్ ఆలయంలో జరుపుకునే ప్రముఖ పండుగ. 	माता मूर्ति का मेला, जो धरती पर गंगा नदी के अवतरण की याद दिलाता है, बद्रीनाथ मंदिर में मनाया जाने वाला सबसे प्रमुख त्योहार है।
htp-7	Historical temples	Badrinarayana	Although Badrinath is located in North India, the head priest, or Rawal, is traditionally a Nambudiri Brahmin chosen from the South Indian state of Kerala.	బద్రీనాథ్ ఉత్తర భారతదేశంలో ఉన్నప్పటికీ, ప్రధాన పూజారి లేదా రావల్ సాంప్రదాయకంగా దక్షిణ భారత రాష్ట్రమైన కేరళ నుండి ఎన్నుకోబడిన నంబుదిరి బ్రాహ్మణుడు.	हालांकि बद्रीनाथ उत्तर भारत में स्थित है, मुख्य पुजारी, या रावल, पारंपरिक रूप से दक्षिण भारतीय राज्य केरल से चुने गए नंबूदिरी ब्राह्मण हैं।
htp-8	Historical temples	Badrinarayana	The temple was included in the Uttar Pradesh state government Act No. 30/1948 as Act no. 16,1939, which later came to be known as Shri Badarinath and Shri Kedarnath Mandir Act.	ఈ ఆలయాన్ని ఉత్తర ప్రదేశ్ రాష్ట్ర ప్రభుత్వ చట్టం నెంబర్ 30/1948 లో యాక్ట్ నెం. 16,1939, తరువాత నుంచి దీనిని శ్రీ బదరీనాథ్, శ్రీ కేదార్‌నాథ్ మందిర్ చట్టం అని తెలిసింది	मंदिर को उत्तर प्रदेश राज्य सरकार अधिनियम संख्या 30/1948 में अधिनियम संख्या के रूप में शामिल किया गया था। 16,1939, जिसे बाद में श्री बदरीनाथ और श्री केदारनाथ मंदिर अधिनियम के रूप में जाना जाने लगा।
htp-9	Historical temples	Badrinarayana	The temple is mentioned in ancient religious texts like Vishnu Purana and Skanda Purana.	విష్ణు పురాణం, స్కంద పురాణం వంటి ప్రాచీన మత గ్రంథాలలో ఈ ఆలయం ప్రస్తావించబడింది. 	मंदिर का उल्लेख विष्णु पुराण और स्कंद पुराण जैसे प्राचीन धार्मिक ग्रंथों में मिलता है।
htp-10	Historical temples	Badrinarayana	The committee nominated by the state government administers both the temples and has seventeen members on its board.	రాష్ట్ర ప్రభుత్వం ఎంపిక చేసిన కమిటీ రెండు దేవాలయాలను నిర్వహిస్తుంది, దాని బోర్డులో పదిహేడు మంది సభ్యులు ఉన్నారు	राज्य सरकार द्वारा नामित समिति दोनों मंदिरों का प्रशासन करती है और इसके बोर्ड में सत्रह सदस्य हैं।
htp-11	Historical temples	Badrinarayana	The temple is located in Garhwal hill tracts along the banks of the Alaknanda River in Chamoli district in Uttarakhand.	ఆలయం గర్హ్వాల్ కొండ దగ్గర అలకనంద నది  ఒడ్డున ఉన్న చమోలి జిల్లా లో ఉత్తరాఖండ్ లో ఉన్నది. 	यह मंदिर उत्तराखंड के चमोली जिले में अलकनंदा नदी के किनारे गढ़वाल पहाड़ी इलाकों में स्थित है।
htp-12	Historical temples	Badrinarayana	The temple has three structures, they are Garbhagriha , the Darshan Mandap , and Sabha Mandap.	ఈ ఆలయంలో మూడు నిర్మాణాలు ఉన్నాయి,అవి గర్భగృహ , దర్శన్ మండపం , సభ మండపం.	मंदिर में तीन संरचनाएं हैं, वे गर्भगृह, दर्शन मंडप और सभा मंडप हैं।
htp-13	Historical temples	Badrinarayana	The hill tracts are located 3,133 m  above the mean sea level.	కొండ ట్రాక్‌లు 3,133 మీ.  సగటు సముద్ర మట్టానికి పైన ఉన్నాయి.	पहाड़ी क्षेत्र औसत समुद्र तल से ३,१३३ मीटर ऊपर स्थित हैं।
htp-14	Historical temples	Badrinarayana	The Nar Parbat Mountain is located opposite to the temple, while the Narayana Parbat is located behind the Neelkanth peak.	నార్ పర్బాట్ పర్వతం ఆలయానికి ఎదురుగా ఉంది, నారాయణ పర్బాట్ నీలకాంత శిఖరం వెనుక ఉంది.	नर पर्वत पर्वत मंदिर के सामने स्थित है, जबकि नारायण पर्वत नीलकंठ चोटी के पीछे स्थित है।
htp-15	Historical temples	Badrinarayana	The conical-shaped roof of the sanctum, the garbhagriha, is approximately 15 m tall with a small cupola on top, covered with a gold gilt roof.	గర్భగుడి యొక్క శంఖాకార ఆకారపు పైకప్పును గర్భగృహ అంటారు.ఇది సుమారు 15 మీ.  పొడవైన చిన్న కుపోలాతో, గిల్ట్ బంగారుపు పైకప్పుతో కప్పబడి ఉంటుంది.	गर्भगृह की शंक्वाकार आकार की छत, गर्भगृह, लगभग 15 मीटर लंबा है, जिसके ऊपर एक छोटा गुंबद है, जो सोने की गिल्ट की छत से ढका है।
htp-16	Historical temples	Konark Sun Temple 	Konark Sun Temple is a 13th-century   Sun temple.	కోణార్క సూర్యదేవాలయం, 13వ శతాబ్దానికి చెందిన సూర్య దేవాలయం.	कोणार्क सूर्य मंदिर 13 वीं शताब्दी का सूर्य मंदिर है।
htp-17	Historical temples	Konark Sun Temple 	Haridwar , is a city and municipal corporation in Haridwar district of Uttarakhand, India.	హరిద్వార్, భారతదేశంలోని ఉత్తరాఖండ్ లోని హరిద్వార్ జిల్లాలో ఉన్న ఒక నగరం మరియు మునిసిపల్ కార్పొరేషన్.	हरिद्वार, भारत के उत्तराखंड राज्य के हरिद्वार जिले में स्थित एक शहर और नगर निगम है।
htp-18	Historical temples	Konark Sun Temple 	With a population of 228,832 in 2011, it is the second largest city in the state and the largest in the district	2011 లో 228,832 జనాభాతో, ఇది రాష్ట్రంలో రెండవ అతిపెద్ద నగరం మరియు జిల్లాలో అతిపెద్ద నగరం	2011 में 228,832 की आबादी के साथ, यह राज्य का दूसरा सबसे बड़ा और जिले का सबसे बड़ा शहर है|
htp-19	Historical temples	Konark Sun Temple 	The city is situated on the right bank of the Ganga River, at the foothills of the Shivalik ranges.	ఈ నగరం గంగా నది యొక్క కుడి ఒడ్డున, శివాలిక్ శ్రేణుల పర్వత ప్రాంతంలో ఉంది.	यह शहर शिवालिक पर्वतमाला की तलहटी में गंगा नदी के दाहिने किनारे पर स्थित है।
htp-20	Historical temples	Konark Sun Temple 	Haridwar is regarded as a holy place for Hindus, hosting important religious events and serving as a gateway to several prominent places of worship.	హరిద్వార్ హిందువులకు పవిత్ర స్థలంగా పరిగణించబడుతుంది, ముఖ్యమైన మతపరమైన కార్యక్రమాలకు ఆతిథ్యం ఇస్తుంది మరియు అనేక ప్రముఖ ప్రార్థనా స్థలాలకు ప్రవేశ ద్వారంగా ఉపయోగపడుతుంది.	हरिद्वार को हिंदुओं के लिए एक पवित्र स्थान माना जाता है, जो महत्वपूर्ण धार्मिक आयोजनों की मेजबानी करता है और कई प्रमुख पूजा स्थलों के प्रवेश द्वार के रूप में कार्य करता है।
htp-21	Historical temples	Sri Ranganathaswamy Temple	The Sri Ranganathaswamy Temple is a Hindu temple dedicated to Ranganatha, a form of the Supreme God, Maha Vishnu, located in Srirangam, Tiruchirapalli, Tamil Nadu, India.	శ్రీ రంగనాథస్వామి ఆలయం భారతదేశంలోని తమిళనాడులోని తిరుచిరాపల్లిలోని శ్రీరంగంలో ఉన్న మహోన్నతమైన దేవుడు మహా విష్ణు రూపమైన రంగనాథకు అంకితం చేయబడిన హిందూ దేవాలయం.	श्री रंगनाथस्वामी मंदिर एक हिंदू मंदिर है जो श्रीरंगम, तिरुचिरापल्ली, तमिलनाडु, भारत में स्थित सर्वोच्च भगवान, महा विष्णु के एक रूप रंगनाथ को समर्पित है।
htp-22	Historical temples	Sri Ranganathaswamy Temple	The Place Srirangpatna had the name of the Srirangapuri in the early ages later it got the name of the Srirangapatna.	స్థలం శ్రీరంగపట్నకు ప్రారంభ యుగాలలో శ్రీరంగపురి అనే పేరు వచ్చింది, తరువాత దీనికి శ్రీరంగపట్న అనే పేరు వచ్చింది.	जिस स्थान पर श्रीरंगपटना का प्रारंभिक युग में श्रीरंगपुरी का नाम था, बाद में इसे श्रीरंगपटना का नाम मिला।
htp-23	Historical temples	Sri Ranganathaswamy Temple	The town is an island being surrounded by the river Cauvery. 	ఈ పట్టణం కావేరి నది చుట్టూ ఉన్న ఒక ద్వీపం.	यह शहर एक द्वीप है जो कावेरी नदी से घिरा हुआ है।
htp-24	Historical temples	Sri Ranganathaswamy Temple	In this town, there is the temple of Sri Ranganatha.	ఈ పట్టణంలో శ్రీ రంగనాథ ఆలయం ఉంది.	इसी कस्बे में श्री रंगनाथ का मंदिर है।
htp-25	Historical temples	Sri Ranganathaswamy Temple	Sri Lakshmi Narasimha, Sri Gangadereshwara, Sri Jyothirmaheshwara and other small temples. Among them, the main temple is that of Sri Ranganatha.	శ్రీ లక్ష్మీ నరసింహ, శ్రీ గంగాదేరేశ్వర, శ్రీ జ్యోతిర్మహేశ్వర మరియు ఇతర చిన్న దేవాలయాలు. వాటిలో ప్రధాన ఆలయం శ్రీ రంగనాథ ఆలయం	श्री लक्ष्मी नरसिम्हा, श्री गंगादेरेश्वर, श्री ज्योतिर्महेश्वर और अन्य छोटे मंदिर। इनमें मुख्य मंदिर श्री रंगनाथ का है।
htp-26	Historical temples	Sri Ranganathaswamy Temple	There are 21 gopurams , among which the towering Rajagopuram is the tallest temple tower in Asia.	21 గోపురాలు ఉన్నాయి, వీటిలో రాజగోపురం ఆసియాలో ఎత్తైన ఆలయ టవర్.	21 गोपुरम हैं, जिनमें से विशाल राजगोपुरम एशिया का सबसे ऊंचा मंदिर टॉवर है।
htp-27	Historical temples	Sri Ranganathaswamy Temple	It is the most illustrious Vaishnava temples in South India rich in legend and history.	పురాణ మరియు చరిత్రలో గొప్ప దక్షిణ భారతదేశంలోని అత్యంత ప్రసిద్ధ వైష్ణవ దేవాలయాలు ఇది.	यह पौराणिक कथाओं और इतिहास में समृद्ध दक्षिण भारत में सबसे शानदार वैष्णव मंदिर है।
htp-28	Historical temples	Sri Ranganathaswamy Temple	The 13-tiered Rajagopuram was built in 1987 by Ahobhila Matha, a historic Srivaishnava Hindu monastery.	13 అంచెల రాజగోపురం 1987 లో అహోభిలా మాతా అనే చారిత్రాత్మక శ్రీవైష్ణవ హిందూ మఠం నిర్మించింది.	13-स्तरीय राजगोपुरम का निर्माण 1987 में एक ऐतिहासिक श्रीवैष्णव हिंदू मठ, अहोभिला मठ द्वारा किया गया था।
htp-29	Historical temples	Sri Ranganathaswamy Temple	Its location, on an island between the Kollidam and Kaveri rivers.	కొల్లిడామ్ మరియు కావేరి నదుల మధ్య ఉన్న ఒక ద్వీపంలో ఉంది.	इसका स्थान, कोलिडम और कावेरी नदियों के बीच एक द्वीप पर है।
htp-30	Historical temples	Sri Ranganathaswamy Temple	The temple was looted and destroyed by the Delhi Sultanate armies in a broad plunder raid on various cities of the Pandyan kingdom in early 14th century.	14 వ శతాబ్దం ప్రారంభంలో పాండ్య రాజ్యంలోని వివిధ నగరాలపై జరిగిన దోపిడీ దాడిలో ఈ ఆలయాన్ని ిల్లీ సుల్తానేట్ సైన్యాలు దోచుకొని నాశనం చేశాయి.	14 वीं शताब्दी की शुरुआत में पांडियन साम्राज्य के विभिन्न शहरों में व्यापक लूट की छापेमारी में दिल्ली सल्तनत की सेनाओं द्वारा मंदिर को लूट लिया गया और नष्ट कर दिया गया।
htp-31	Historical temples	Sri Ranganathaswamy Temple	The temple was rebuilt in late 14th century, the site fortified and expanded with many more Gopurams in the 16th and 17th centuries.	ఈ ఆలయం 14 వ శతాబ్దం చివరలో పునర్నిర్మించబడింది, ఈ ప్రదేశం 16 మరియు 17 వ శతాబ్దాలలో మరెన్నో గోపురాలతో బలపడింది మరియు విస్తరించింది.	14 वीं शताब्दी के अंत में मंदिर का पुनर्निर्माण किया गया था, यह स्थल 16 वीं और 17 वीं शताब्दी में कई और गोपुरमों के साथ मजबूत और विस्तारित हुआ था।
htp-32	Historical temples	Sri Ranganathaswamy Temple	It was one of the hubs of early Bhakti movement with a devotional singing and dance tradition, but this tradition stopped during the 14th century.	భక్తి గానం మరియు నృత్య సంప్రదాయంతో భక్తి ఉద్యమం ప్రారంభ  యొక్క కేంద్రాలలో ఇది ఒకటి, కానీ ఈ సంప్రదాయం 14 వ శతాబ్దంలో ఆగిపోయింది	यह भक्ति गायन और नृत्य परंपरा के साथ प्रारंभिक भक्ति आंदोलन के केंद्रों में से एक था, लेकिन 14 वीं शताब्दी के दौरान यह परंपरा बंद हो गई।
htp-33	Historical temples	Sri Ranganathaswamy Temple	The temple occupies an area of 155 acres with 81 shrines, 21 towers, 39 pavilions, and many water tanks integrated into the complex making it the world's largest Hindu temple.	ఈ ఆలయం 155 ఎకరాల  విస్తీర్ణంలో 81 మందిరాలు, 21 టవర్లు, 39 మంటపాలు, మరియు అనేక నీటి ట్యాంకులను క్లిష్టమైన సముదాయంలోకి చేర్చారు, ఇది ప్రపంచంలోనే అతిపెద్ద హిందూ దేవాలయంగా మారింది.	मंदिर 155 एकड़ के क्षेत्र में 81 मंदिरों, 21 टावरों, 39 मंडपों और कई पानी के टैंकों को परिसर में एकीकृत करता है जो इसे दुनिया का सबसे बड़ा हिंदू मंदिर बनाता है।
htp-34	Historical temples	Sri Ranganathaswamy Temple	The temple town is a significant archaeological and epigraphical site, providing a historic window into the early and mid medieval South Indian society and culture.	ఈ ఆలయ పట్టణం ఒక ముఖ్యమైన పురావస్తు మరియు శిలాశాసనాల ప్రదేశం, ఇది ప్రారంభ మరియు మధ్యయుగ దక్షిణ భారత సమాజం మరియు సంస్కృతికి చారిత్రాత్మక విండోను అందిస్తుంది.	मंदिर शहर एक महत्वपूर्ण पुरातात्विक और अभिलेखीय स्थल है, जो प्रारंभिक और मध्य मध्ययुगीन दक्षिण भारतीय समाज और संस्कृति में एक ऐतिहासिक खिड़की प्रदान करता है।
htp-35	Historical temples	Sri Ranganathaswamy Temple	The temple is maintained and administered by the Hindu Religious and Endowment Board of the Government of Tamil Nadu.	ఈ ఆలయాన్ని తమిళనాడు ప్రభుత్వ హిందూ మత మరియు ఎండోమెంట్ బోర్డు పరిపాలిస్తుంది మరియు నిర్వహిస్తుంది.	मंदिर का रखरखाव और प्रशासन तमिलनाडु सरकार के हिंदू धार्मिक और बंदोबस्ती बोर्ड द्वारा किया जाता है।
htp-36	Historical temples	Sri Ranganathaswamy Temple	The Srirangam temple is the largest temple compound in India and one of the largest religious complexes in the world.	శ్రీరంగం ఆలయం భారతదేశంలో అతిపెద్ద ఆలయ సమ్మేళనం మరియు ప్రపంచంలోనే అతిపెద్ద మత సముదాయాలలో ఒకటి.	श्रीरंगम मंदिर भारत का सबसे बड़ा मंदिर परिसर है और दुनिया के सबसे बड़े धार्मिक परिसरों में से एक है।
htp-37	Historical temples	Sri Ranganathaswamy Temple	Some of these structures have been renovated, expanded and rebuilt over the centuries as a living temple. 	ఈ నిర్మాణాలలో కొన్ని శతాబ్దాలుగా సజీవ ఆలయంగా పునర్నిర్మించబడ్డాయి, విస్తరించబడ్డాయి మరియు పునర్నిర్మించబడ్డాయి.	इनमें से कुछ संरचनाओं को जीवित मंदिर के रूप में सदियों से पुनर्निर्मित, विस्तारित और पुनर्निर्मित किया गया है।
htp-38	Historical temples	Sri Ranganathaswamy Temple	The latest addition is the outer tower that is approximately 73 metres tall, completed in 1987.	తాజా అదనంగా 1987 లో పూర్తయిన సుమారు 73 మీటర్లు  పొడవు గల బాహ్య టవర్.	नवीनतम जोड़ बाहरी टॉवर है जो लगभग 73 मीटर लंबा है, जो 1987 में पूरा हुआ था।
htp-39	Historical temples	Sri Ranganathaswamy Temple	Srirangam temple is often listed as one of the largest functioning Hindu temple in the world, the still larger Angkor Wat being the largest existing temple.	శ్రీరంగం ఆలయం తరచుగా ప్రపంచంలోనే అతిపెద్ద హిందూ దేవాలయాలలో ఒకటిగా జాబితా చేయబడింది, ఇంకా పెద్ద అంగ్కోర్ వాట్ ప్రస్తుతం ఉన్న అతిపెద్ద ఆలయం.	श्रीरंगम मंदिर को अक्सर दुनिया के सबसे बड़े कामकाजी हिंदू मंदिरों में से एक के रूप में सूचीबद्ध किया जाता है, फिर भी बड़ा अंगकोर वाट सबसे बड़ा मौजूदा मंदिर है।
htp-40	Historical temples	Sri Ranganathaswamy Temple	The temple is an active Hindu house of worship and follows Thenkalai tradition of Sri Vaishnavism.	ఈ ఆలయం చురుకైన హిందూ ప్రార్థనా మందిరం మరియు శ్రీ వైష్ణవ మతం యొక్క తెంకలై సంప్రదాయాన్ని అనుసరిస్తుంది.	मंदिर एक सक्रिय हिंदू पूजा घर है और श्री वैष्णववाद की थेंकलाई परंपरा का पालन करता है।
htp-41	Historical temples	Sri Ranganathaswamy Temple	The annual 21-day festival conducted during the Tamil month of Margazhi  attracts 1 million visitors.	తమిళ మాసం మార్జి లో నిర్వహించే వార్షిక 21 రోజుల పండుగ 1 మిలియన్ సందర్శకులను ఆకర్షిస్తుంది.	तमिल महीने मार्गज़ी के दौरान आयोजित होने वाला वार्षिक 21-दिवसीय उत्सव 1 मिलियन आगंतुकों को आकर्षित करता है।
htp-42	Historical temples	Sri Ranganathaswamy Temple	The temple complex has been nominated as a UNESCO World Heritage Site, and is in UNESCO's tentative list.	ఈ ఆలయ సముదాయం యునెస్కో ప్రపంచ వారసత్వ ప్రదేశంగా నామినేట్ చేయబడింది మరియు యునెస్కో యొక్క తాత్కాలిక జాబితాలో ఉంది.	मंदिर परिसर को यूनेस्को की विश्व धरोहर स्थल के रूप में नामित किया गया है, और यह यूनेस्को की अस्थायी सूची में है।
htp-43	Historical temples	Sri Ranganathaswamy Temple	The temple site is on a large island bounded by the Kaveri River and Kollidam River.	ఈ ఆలయ స్థలం కావేరి నది మరియు కొల్లిడమ్ నది సరిహద్దులో ఉన్న ఒక పెద్ద ద్వీపంలో ఉంది.	मंदिर स्थल कावेरी नदी और कोलिदाम नदी से घिरे एक बड़े द्वीप पर है।
htp-44	Historical temples	Sri Ranganathaswamy Temple	It is vast and planned as a temple town with Sapta-Prakaram design where the sanctum, gopuram, services and living area are co-located in seven concentric enclosures.	ఇది సాప్తా-ప్రకరమ్ రూపకల్పనతో ఒక ఆలయ పట్టణంగా విస్తరించి ఉంది, ఇక్కడ గర్భగుడి, గోపురం, సేవలు మరియు నివసించే ప్రాంతం ఏడు కేంద్రీకృత ఆవరణలలో ఉన్నాయి.	यह विशाल है और सप्त-प्रकारम डिजाइन के साथ एक मंदिर शहर के रूप में योजनाबद्ध है जहां गर्भगृह, गोपुरम, सेवाएं और रहने का क्षेत्र सात संकेंद्रित बाड़ों में सह-स्थित है।
htp-45	Historical temples	Sri Ranganathaswamy Temple	Rampart walls were added.	రాంపార్ట్ గోడలు జోడించబడ్డాయి 	प्राचीर की दीवारें जोड़ी गईं।
htp-46	Historical temples	Sri Ranganathaswamy Temple	The temple monuments are located inside the inner five enclosures of the complex, surrounded by living area and infrastructure in outer two enclosures.	ఆలయ స్మారక చిహ్నాలు కాంప్లెక్స్ యొక్క లోపలి ఐదు ఆవరణల లోపల ఉన్నాయి, వీటి చుట్టూ నివసించే ప్రాంతం మరియు బయటి రెండు ఆవరణలలో మౌలిక సదుపాయాలు ఉన్నాయి.	मंदिर के स्मारक परिसर के भीतरी पांच बाड़ों के अंदर स्थित हैं, जो रहने वाले क्षेत्र और बाहरी दो बाड़ों में बुनियादी ढांचे से घिरा हुआ है।
htp-47	Historical temples	Sri Ranganathaswamy Temple	Numerous gopurams connect the Sapta-Prakaram enclosures allowing the pilgrims and visitors to reach the sanctum from many directions.	అనేక గోపురాలు సప్తా-ప్రకృతి ఆవరణలను అనుసంధానిస్తాయి, యాత్రికులు మరియు సందర్శకులు అనేక దిశల నుండి గర్భగుడికి చేరుకుంటారు.	कई गोपुरम सप्त-प्रकरम बाड़ों को जोड़ते हैं जिससे तीर्थयात्रियों और आगंतुकों को कई दिशाओं से गर्भगृह तक पहुंचने की अनुमति मिलती है।
htp-48	Historical temples	Sri Ranganathaswamy Temple	The site includes two major temples, one for Vishnu as Ranganatha, and other to Shiva as Jambukeshvara.	ఈ ప్రదేశంలో రెండు ప్రధాన దేవాలయాలు ఉన్నాయి, ఒకటి విష్ణువు రంగనాథంగా, మరొకటి శివుడికి జంబుకేశ్వర.	स्थान में दो प्रमुख मंदिर शामिल हैं, एक रंगनाथ के रूप में विष्णु के लिए और दूसरा शिव के लिए जंबुकेश्वर के रूप में।
htp-49	Historical temples	Sri Ranganathaswamy Temple	The island has some cave temples, older than both.	ఈ ద్వీపంలో కొన్ని గుహ దేవాలయాలు ఉన్నాయి, రెండింటి కంటే పాతవి.	द्वीप में कुछ गुफा मंदिर हैं, जो दोनों से भी पुराने हैं।
htp-50	Historical temples	Sri Ranganathaswamy Temple	The Temple was first Built by Dharma varma chola Then, Later Kaveri River flood destroyed the temple  and later the Early Cholas King Killivalavan Rebuilt the temple complex present today. 	ఈ ఆలయాన్ని మొదట ధర్మ వర్మ చోళ నిర్మించారు, తరువాత, కావేరి నది వరద ఆలయాన్ని ధ్వంసం చేసింది మరియు తరువాత ప్రారంభ చోళ రాజు కిల్లివళవన్ ఈ రోజు ఆలయ సముదాయాన్ని పునర్నిర్మించారు. పునర్నిర్మించారు.	मंदिर का निर्माण पहले धर्म वर्मा चोल द्वारा किया गया था, फिर बाद में कावेरी नदी की बाढ़ ने मंदिर को नष्ट कर दिया और बाद में प्रारंभिक चोल राजा किलिवलवन ने आज मौजूद मंदिर परिसर का पुनर्निर्माण किया।
htp-51	Historical temples	Sri Ranganathaswamy Temple	Beyond the ancient textual history, archaeological evidence such as inscriptions refer to this temple, but these stone inscriptions are from late 1st millennium CE.	పురాతన వచన చరిత్రకు మించి, శాసనాలు వంటి పురావస్తు ఆధారాలు ఈ ఆలయాన్ని సూచిస్తాయి, కాని ఈ రాతి శాసనాలు క్రీ.శ 1 వ సహస్రాబ్ది చివరి నుండి వచ్చాయి.	प्राचीन पाठ्य इतिहास से परे, शिलालेख जैसे पुरातात्विक साक्ष्य इस मंदिर का उल्लेख करते हैं, लेकिन ये पत्थर के शिलालेख पहली सहस्राब्दी सीई के उत्तरार्ध से हैं।
htp-52	Historical temples	Sri Ranganathaswamy Temple	The inscriptions in the temple belong to the Chola, Pandya, Hoysala and Vijayanagar dynasties who ruled over the region.	ఈ ఆలయంలోని శాసనాలు చోళ, పాండ్య, హొయసల మరియు విజయనగర్ రాజవంశాలకు చెందినవి.	मंदिर में शिलालेख चोल, पांड्य, होयसला और विजयनगर राजवंशों के हैं जिन्होंने इस क्षेत्र पर शासन किया था।
htp-53	Historical temples	Sri Ranganathaswamy Temple	These inscriptions range in date between the 9th and 16th centuries.	ఈ శాసనాలు 9 మరియు 16 వ శతాబ్దాల మధ్య ఉన్నాయి.	ये शिलालेख 9 वीं और 16 वीं शताब्दी के बीच के हैं।
htp-54	Historical temples	Sri Ranganathaswamy Temple	The temple is enclosed by 7 concentric enclosures with courtyards.	ఈ ఆలయం ప్రాంగణాలతో 7 కేంద్రీకృత ఆవరణలతో నిండి ఉంది.	मंदिर आंगनों के साथ 7 संकेंद्रित बाड़ों से घिरा हुआ है।
htp-55	Historical temples	Sri Ranganathaswamy Temple	Each layer has walls and gopurams, which were built or fortified in and after the 16th century.	ప్రతి పొరలో గోడలు మరియు గోపురాలు ఉన్నాయి, ఇవి 16 వ శతాబ్దంలో మరియు తరువాత నిర్మించబడ్డాయి లేదా బలపరచబడ్డాయి.	प्रत्येक परत में दीवारें और गोपुरम हैं, जो 16वीं शताब्दी में और उसके बाद बनाए गए थे या दृढ़ किए गए थे।
htp-56	Historical temples	Sri Ranganathaswamy Temple	These walls total 32,592 feet or over six miles.	ఈ గోడలు మొత్తం 32,592 అడుగులు  లేదా ఆరు మైళ్ళకు పైగా ఉన్నాయి.	ये दीवारें कुल 32,592 फीट या छह मील से अधिक लंबी हैं।
htp-57	Historical temples	Sri Ranganathaswamy Temple	The temple has 17 major gopurams 39 pavilions, 50 shrines, 9 sacred water pools, Ayiram kaal mandapam and several small water bodies inside.	ఈ ఆలయంలో 17 ప్రధాన గోపురాలు , 39 మంటపాలు, 50 మందిరాలు, 9 పవిత్ర జల కొలనులు, అయిరామ్ కాల్ మండపం  మరియు లోపల అనేక చిన్న నీటి వనరులు ఉన్నాయి.	मंदिर में 17 प्रमुख गोपुरम 39 मंडप, 50 मंदिर, 9 पवित्र जल पूल, अयिरम काल मंडपम और कई छोटे जल निकाय हैं।
htp-58	Historical temples	Sri Ranganathaswamy Temple	The temple is aligned to the north-south and east-west axis, on an island surrounded by the Kaveri River. 	ఈ ఆలయం ఉత్తర-దక్షిణ మరియు తూర్పు-పడమటి అక్షంతో, కావేరి నది చుట్టూ ఉన్న ద్వీపంలో ఉంది.	मंदिर कावेरी नदी से घिरे एक द्वीप पर उत्तर-दक्षिण और पूर्व-पश्चिम अक्ष से जुड़ा हुआ है।
htp-59	Historical temples	Sri Ranganathaswamy Temple	The river has long been considered sacred and called the Daksina Ganga or the Ganges of the South.	ఈ నది చాలాకాలంగా పవిత్రంగా పరిగణించబడుతుంది మరియు దీనిని దక్షిణ గంగా లేదా దక్షిణ గంగా అని పిలుస్తారు.	नदी को लंबे समय से पवित्र माना जाता है और इसे दक्षिण गंगा या दक्षिण की गंगा कहा जाता है।
htp-60	Historical temples	Sri Ranganathaswamy Temple	The outer two prakarams are residential and markets with shops, restaurants and flower stalls.	బయటి రెండు ప్రాకారాలు  నివాస మరియు దుకాణాలు, రెస్టారెంట్లు మరియు పూల స్టాళ్లతో మార్కెట్లు.	बाहरी दो प्राकर्म आवासीय हैं और दुकानों, रेस्तरां और फूलों के स्टालों के साथ बाजार हैं।
htp-61	Historical temples	Sri Ranganathaswamy Temple	The five inner courtyards have shrines to Vishnu and his various avatars such as Rama and Krishna. 	ఐదు లోపలి ప్రాంగణాలలో విష్ణువు మరియు అతని వివిధ అవతారాలైన రాముడు మరియు కృష్ణుడికి పుణ్యక్షేత్రాలు ఉన్నాయి.	पांच आंतरिक आंगनों में विष्णु और उनके विभिन्न अवतारों जैसे राम और कृष्ण के मंदिर हैं।
htp-62	Historical temples	Sri Ranganathaswamy Temple	Major shrines are additionally dedicated to goddess Lakshmi and many saints of Vaishnavism. 	ప్రధాన పుణ్యక్షేత్రాలు అదనంగా లక్ష్మీ దేవికి మరియు వైష్ణవ మతం యొక్క అనేక మంది సాధువులకు అంకితం చేయబడ్డాయి.	प्रमुख मंदिर अतिरिक्त रूप से देवी लक्ष्मी और वैष्णववाद के कई संतों को समर्पित हैं।
htp-63	Historical temples	Sri Ranganathaswamy Temple	In particular, these shrines celebrate and commemorate the Tamil poet-saints and philosophers called the Alvars, as well Hindu philosophers such as Ramanuja and Manavala Mamunigal of Sri Vaishnavism tradition.	ముఖ్యంగా, ఈ పుణ్యక్షేత్రాలు అల్వార్లు అని పిలువబడే తమిళ కవి-సాధువులు మరియు తత్వవేత్తలను, అలాగే శ్రీ వైష్ణవ సంప్రదాయానికి చెందిన రామానుజ మరియు మనవాలా మామునిగల్ వంటి హిందూ తత్వవేత్తలను జరుపుకుంటాయి.	विशेष रूप से, ये तीर्थस्थल तमिल कवि-संत और अलवर कहे जाने वाले दार्शनिकों के साथ-साथ श्री वैष्णववाद परंपरा के रामानुज और मनावाला मामुनिगल जैसे हिंदू दार्शनिकों का जश्न मनाते हैं और उनका स्मरण करते हैं।
htp-64	Historical temples	Sri Ranganathaswamy Temple	This alignment integrates the routes that devotees follow as they journey into the innermost sanctum. 	ఈ అమరిక భక్తులు లోపలి గర్భగుడిలోకి వెళ్ళేటప్పుడు అనుసరించే మార్గాలను అనుసంధానిస్తుంది.	यह संरेखण उन मार्गों को एकीकृत करता है जिनका पालन भक्त अंतरतम गर्भगृह में यात्रा करते समय करते हैं।
htp-65	Historical temples	Sri Ranganathaswamy Temple	The temple complex includes over 50 shrines.	ఈ ఆలయ సముదాయంలో 50 కి పైగా మందిరాలు ఉన్నాయి.	मंदिर परिसर में 50 से अधिक मंदिर शामिल हैं।
htp-66	Historical temples	Sri Ranganathaswamy Temple	These are dedicated to Vishnu, Lakshmi as well as various Vaishnava scholars and poets. 	వీటిని విష్ణు, లక్ష్మితో పాటు వివిధ వైష్ణవ పండితులు, కవులకు అంకితం చేశారు.	ये विष्णु, लक्ष्मी के साथ-साथ विभिन्न वैष्णव विद्वानों और कवियों को समर्पित हैं।
htp-67	Historical temples	Sri Ranganathaswamy Temple	The shrines to Vishnu display him in his various avatars, as well as his iconography.	విష్ణువుకు పుణ్యక్షేత్రాలు అతని వివిధ అవతారాలలో, అలాగే అతని ప్రతిమలలో ప్రదర్శిస్తాయి.	विष्णु के मंदिर उन्हें उनके विभिन्न अवतारों के साथ-साथ उनकी प्रतिमाओं में भी प्रदर्शित करते हैं।
htp-68	Historical temples	Sri Ranganathaswamy Temple	For example, the Ranganathaswamy temple shrines and symbolism include those to Chakkarathazhwar, Narasimha, Rama, Hayagreeva and Gopala Krishna.	ఉదాహరణకు, రంగనాథస్వామి ఆలయ పుణ్యక్షేత్రాలు మరియు ప్రతీకవాదంలో చకరతజ్వార్, నరసింహ, రాముడు, హయగ్రీవ మరియు గోపాల కృష్ణలు ఉన్నారు.	उदाहरण के लिए, रंगनाथस्वामी मंदिर के मंदिरों और प्रतीकों में चक्रथज़्वार, नरसिंह, राम, हयग्रीव और गोपाल कृष्ण शामिल हैं।
htp-69	Historical temples	Sri Ranganathaswamy Temple	The Chakrathazhwar shrine is in the east facing on the south side of Akalanka.	చక్రతజ్వర్ మందిరం తూర్పు వైపున అకాలంకకు దక్షిణం వైపున ఉంది.	चक्रथजवार मंदिर पूर्व में अकालंका के दक्षिण की ओर मुख करके स्थित है।
htp-70	Historical temples	Sri Ranganathaswamy Temple	The sanctum is approached through a Mukamandapa  built during the Cholas and a Mahamandapa with six rows of eight pillars built during the period of Vijayanagar Empire.	చోళుల కాలంలో నిర్మించిన ముకమండపం మరియు విజయనగర సామ్రాజ్యం కాలంలో నిర్మించిన ఎనిమిది స్తంభాల ఆరు వరుసలతో ఒక మహామండపం ద్వారా ఈ గర్భగుడి చేరుతుంది.	चोलों के दौरान बने एक मुकमंडपा और विजयनगर साम्राज्य की अवधि के दौरान निर्मित आठ स्तंभों की छह पंक्तियों के साथ एक महामंडप के माध्यम से गर्भगृह तक पहुंचा जाता है।
htp-71	Historical temples	Sri Ranganathaswamy Temple	There is a circumambulation passage around the sanctum. 	గర్భగుడి చుట్టూ ఒక ప్రదక్షిణ మార్గం ఉంది.	गर्भगृह के चारों ओर परिक्रमा मार्ग है।
htp-72	Historical temples	Sri Ranganathaswamy Temple	The image of Chakrathazhwar is sculpted with Narasimha on the rear side and can be viewed from the passage around the sanctum.	చక్రతజ్వార్ యొక్క చిత్రం వెనుక వైపున నరసింహతో చెక్కబడింది మరియు గర్భగుడి చుట్టూ ఉన్న మార్గం నుండి చూడవచ్చు.	चक्रथजवार की छवि को पीछे की तरफ नरसिंह के साथ तराशा गया है और गर्भगृह के चारों ओर के मार्ग से देखा जा सकता है।
htp-73	Historical temples	Sri Ranganathaswamy Temple	The Venugopala shrine, one of the most elaborately carved, is in the south-west corner of the fourth enclosure of the temple was built by Chokkanatha Nayak, according to an inscription dated 1674.	1674 నాటి ఒక శాసనం ప్రకారం, ఆలయం యొక్క నాల్గవ ఆవరణలో నైరుతి మూలలో వేణుగోపాల మందిరం ఉంది.	1674 के एक शिलालेख के अनुसार, वेणुगोपाल मंदिर, जो सबसे विस्तृत नक्काशीदार है, मंदिर के चौथे घेरे के दक्षिण-पश्चिम कोने में स्थित है, जिसे चोककनाथ नायक ने बनवाया था।
htp-74	Historical temples	Sri Ranganathaswamy Temple	The main shrine for Ranganatha is in the innermost courtyard.	రంగనాథకు ప్రధాన మందిరం లోపలి ప్రాంగణంలో ఉంది.	रंगनाथ का मुख्य मंदिर अंतरतम प्रांगण में है।
htp-75	Historical temples	Sri Ranganathaswamy Temple	The sanctum has a golden vimanam.	గర్భగుడిలో బంగారు విమానం ఉంది	गर्भगृह में एक सुनहरा विमान है।
htp-76	Historical temples	Sri Ranganathaswamy Temple	It is shaped like the Tamil omkara.	ఇది తమిళ ఓంకార ఆకారంలో ఉంది	इसका आकार तमिल ओंकारा जैसा है।
htp-77	Historical temples	Sri Ranganathaswamy Temple	Adisesha has five hoods and is coiled into three and a half rounds. 	ఆదిసేషాకు ఐదు హుడ్స్ ఉన్నాయి మరియు మూడున్నర రౌండ్లుగా చుట్టబడతాయి.	आदिशेष में पांच हुड हैं और साढ़े तीन राउंड में कुंडलित हैं।
htp-78	Historical temples	Sri Ranganathaswamy Temple	Vishnu's head rests on a small cylindrical pillow and his right palm which faces upwards rests next to his head. Neither Sridevi nor Bhudevi are depicted near his feet, as is found in late medieval era paintings.	విష్ణు తల ఒక చిన్న స్థూపాకార దిండుపై ఉంటుంది మరియు అతని కుడి అరచేతి పైకి ఎదురుగా ఉంటుంది. మధ్యయుగ కాలం నాటి చిత్రాలలో కనిపించే విధంగా శ్రీదేవి లేదా భూదేవి అతని పాదాల దగ్గర చిత్రీకరించబడలేదు.	विष्णु का सिर एक छोटे बेलनाकार तकिए पर टिका हुआ है और उनकी दाहिनी हथेली जो ऊपर की ओर है, उनके सिर के बगल में टिकी हुई है। न तो श्रीदेवी और न ही भूदेवी को उनके पैरों के पास चित्रित किया गया है, जैसा कि मध्यकालीन युग के चित्रों में पाया जाता है।
htp-79	Historical temples	Sri Ranganathaswamy Temple	The first day of Ra pathu is Vaikunta Ekadashi.	రా పాతు యొక్క మొదటి రోజు వైకుంఠ ఏకాదశి.	रा पथु का पहला दिन वैकुंठ एकादशी है।
htp-80	Historical temples	Sri Ranganathaswamy Temple	The sanctum can be entered through the south gateway one the reclining Vishnu is facing.	  శయనించిన విష్ణువు దక్షిణ ముఖం   ద్వారం గుండా ప్రవేశించవచ్చు,గర్భగుడిలొకి	गर्भगृह में दक्षिण प्रवेश द्वार के माध्यम से प्रवेश किया जा सकता है, जिसके सामने झुके हुए विष्णु हैं।
htp-81	Historical temples	Sri Ranganathaswamy Temple	The doorway as one enters from the mukhamandapam, also called the Gayatri mantapa.	గాయమత్రి మంతపం అని కూడా పిలువబడే ముఖమండపం నుండి ప్రవేశించేటప్పుడు ద్వారం.	मुखमंडपम से प्रवेश करते ही द्वार, जिसे गायत्री मंडप भी कहा जाता है।
htp-82	Historical temples	Sri Ranganathaswamy Temple	The sanctum chamber is round, even though the vimana above is an oval projection.	పైన ఉన్న విమాన దీర్ఘవృత్తాకార ప్రణాళిక అయినప్పటికీ గర్భగుడి గుండ్రంగా ఉంటుంది.	गर्भगृह गोल है, भले ही ऊपर विमान एक अंडाकार प्रक्षेपण है।
htp-83	Historical temples	Sri Ranganathaswamy Temple	The circumambulation path is set in a square, to journey clockwise.	సవ్యదిశలో ప్రయాణించడానికి, ప్రదక్షిణ మార్గం  ఒక చదరపులో సెట్ చేయబడింది.	दक्षिणावर्त यात्रा करने के लिए परिक्रमा मार्ग एक वर्ग में निर्धारित किया गया है।
htp-84	Historical temples	Sri Ranganathaswamy Temple	This garbha-griya is surrounded by a raised square Tiruvunnali, encircling pillars and another inner square.	ఈ గర్భా-గ్రియా చుట్టూ ఎత్తైన చదరపు తిరువన్నాలి, చుట్టుపక్కల స్తంభాలు మరియు మరొక లోపలి చతురస్రం ఉన్నాయి.	यह गर्भगृह एक उभरे हुए वर्ग तिरुवन्नली से घिरा हुआ है, जो स्तंभों को घेरे हुए है और एक अन्य आंतरिक वर्ग है।
htp-85	Historical temples	Sri Ranganathaswamy Temple	As the visitor completes the circumambulation around the resting Vishnu, one sees four additional images.	సందర్శకుడు ప్రదక్షిణలు విశ్రాంతి తీసుకుంటున్న విష్ణు చుట్టూ  పూర్తిచేస్తున్నప్పుడు, ఒక నాలుగు అదనపు చిత్రాలను చూస్తారు.	जैसे ही आगंतुक विश्राम करने वाले विष्णु के चारों ओर परिक्रमा पूरी करता है, एक व्यक्ति को चार अतिरिक्त चित्र दिखाई देते हैं।
htp-86	Historical temples	Sri Ranganathaswamy Temple	On the western wall inside the core sanctum is Vigneswara , on the northwestern corner is called Yoga-Ananta.	ప్రధాన గర్భగుడి లోపలి పశ్చిమ గోడపై ఉన్న విఘ్నేశ్వరుని , వాయువ్య ములలో యోగానంత అని అంటారు.	मुख्य गर्भगृह के अंदर पश्चिमी दीवार पर विग्नेश्वर है, उत्तर पश्चिमी कोने पर योग-अनंत कहा जाता है।
htp-87	Historical temples	Sri Ranganathaswamy Temple	The annual gold ornament cleaning festival is called Jyestabisheka and is celebrated during the Tamil month of aani.	వార్షి బంగారు ఆభరణాల శుభ్రపరిచే పండుగను జ్యస్తబిషేక అని పిలుస్తారు మరియు తమిళ నెలలో ఆని జరుపుకుంటారు	वार्षिक स्वर्ण आभूषण सफाई उत्सव को ज्येष्ठाभिषेक कहा जाता है और यह तमिल महीने आनी के दौरान मनाया जाता है।
htp-88	Historical temples	Sri Ranganathaswamy Temple	The Rajagopuram was consecrated on 25 March 1987.	రాజగోపురం 25 మార్చి 1987 న పవిత్రం చేయబడింది.	25 मार्च 1987 को राजगोपुरम की प्राण प्रतिष्ठा की गई।
htp-89	Historical temples	Sri Ranganathaswamy Temple	The temple celebrates numerous festivals around the year including processions. 	ఈ ఆలయం ఊరేగింపులతో సహా సంవత్సరంలో అనేక పండుగలను జరుపుకుంటుంది.	मंदिर जुलूसों सहित वर्ष भर कई त्योहार मनाता है।
htp-90	Historical temples	Sri Ranganathaswamy Temple	The sanctuary is crowned in the traditional fashion with a hemispherical roof. 	అతను అభయారణ్యం సాంప్రదాయ పద్ధతిలో అర్ధగోళ పైకప్పుతో కిరీటం చేయబడింది.	अभयारण्य को पारंपरिक तरीके से अर्धगोलाकार छत के साथ ताज पहनाया गया है।
htp-91	Historical temples	Sri Ranganathaswamy Temple	The whole structure was constructed in a span of eight years.	మొత్తం నిర్మాణం ఎనిమిది సంవత్సరాల వ్యవధిలో నిర్మించబడింది.	पूरे ढांचे का निर्माण आठ साल की अवधि में किया गया था।
htp-92	Historical temples	Sri Ranganathaswamy Temple	Dhanvantari, a great physician of ancient India is considered to be an avatar of Vishnu – there is a separate shrine of Dhanvantari within the temple.	పురాతన భారతదేశానికి చెందిన గొప్ప వైద్యుడు ధన్వంతరి విష్ణు అవతారంగా పరిగణించబడుతుంది - ఈ ఆలయంలో ధన్వంతరికి ప్రత్యేక మందిరం ఉంది.	प्राचीन भारत के एक महान चिकित्सक धन्वंतरि को विष्णु का अवतार माना जाता है - मंदिर के भीतर धन्वंतरि का एक अलग मंदिर है।
htp-93	Historical temples	Sri Ranganathaswamy Temple	Ranganayaki  shrine is in the second precinct of the temple. 	రంగనాయకి మందిరం ఆలయం యొక్క రెండవ ఆవరణలో ఉంది.	रंगनायकी मंदिर मंदिर के दूसरे परिसर में है।
htp-94	Historical temples	Sri Ranganathaswamy Temple	During the festival processions, Ranganayaki does not visit Ranganatha, but it is he who visits her.	పండుగ ఊరేగింపు సమయంలో, రంగనాయకి రంగనాథను సందర్శించదు, కాని ఆమెను సందర్శించేది అతడే. 	त्योहार के जुलूसों के दौरान, रंगनायकी रंगनाथ से मिलने नहीं जाते, बल्कि वह उनसे मिलने जाते हैं।
htp-95	Historical temples	Sri Ranganathaswamy Temple	There are three images of Ranganayaki within the sanctum.	గర్భగుడి లోపల రంగనాయకి యొక్క మూడు చిత్రాలు ఉన్నాయి.	गर्भगृह में रंगनायकी की तीन प्रतिमाएं हैं।
htp-96	Historical temples	Sri Ranganathaswamy Temple	There are separate shrines for major saints in the Vaishnava tradition, including Ramanuja.	రామానుజతో సహా వైష్ణవ సంప్రదాయంలో ప్రధాన సాధువులకు ప్రత్యేక మందిరాలు ఉన్నాయి.	रामानुज सहित वैष्णव परंपरा में प्रमुख संतों के लिए अलग-अलग मंदिर हैं।
htp-97	Historical temples	Sri Ranganathaswamy Temple	The Ranganathaswamy Temple has many mandapams.	రంగనాథస్వామి ఆలయంలో అనేక మండపాలు ఉన్నాయి	रंगनाथस्वामी मंदिर में कई मंडप हैं।
htp-98	Historical temples	Sri Ranganathaswamy Temple	Thousand pillar mandapam is a theatre like structure made from granite.	వెయ్యి స్తంభాల మండపం గ్రానైట్ నుంచి తయారైన నిర్మాణం లాంటి థియేటర్.	हजार स्तंभ मंडपम ग्रेनाइट से बनी एक थिएटर जैसी संरचना है।
htp-99	Historical temples	Sri Ranganathaswamy Temple	It was built during the Vijayanagara rule period. 	దీనిని విజయనగర పాలన కాలంలో నిర్మించారు.	यह विजयनगर शासन काल के दौरान बनाया गया था।
htp-100	Historical temples	Sri Ranganathaswamy Temple	Sesharaya Mandapam is a complex hall built during the reign of Nayaka.	శేషరయ మండపం నాయక పాలనలో సంక్లిష్టమైనదిగా నిర్మించిన  హాలు.	शेषराय मंडपम नायक के शासनकाल के दौरान बनाया गया एक जटिल हॉल है।
				మీనాచి కోయిల్ పాండియన్ రాజవంశం కార్యాలయ పరిపాలనా కార్యకలాపాల కోసం నిర్మించిన చారిత్రాత్మక ప్రదేశం	
				ఇది తమిళంలోని మదురై ఆలయ నగరంలో వైగై నది యొక్క దక్షిణ ఒడ్డున ఉంది.	
				తమిళ దేశంలో భాగమైన పాండియన్ రాజవంశానికి హిందువులు వచ్చినప్పుడు తరువాత ఇది మీనాక్షి దేవతకు అంకితం చేయబడిన ఆలయంగా మారింది	
				బ్రాహ్మణులు దీనిని తమ దేవతగా పార్వతి రూపంగా, మరియు ఆమె భర్త సుందరేశ్వర్, శివుని రూపంగా చిత్రీకరించారు.	
				ఈ ఆలయం తమిళ సంఘం సాహిత్యంలో పేర్కొన్న పురాతన ఆలయ నగరమైన మదురై మధ్యలో ఉంది.	
				ఆలయం యొక్క పశ్చిమ టవర్ తమిళనాడు రాష్ట్ర చిహ్నం ఆధారంగా రూపొందించబడిన నమూనా.	
				మదురై మీనాక్షి సుందరేశ్వర ఆలయాన్ని కులశేఖర పాండ్య రాజు నిర్మించారు	
